<?xml version="1.0" encoding="utf-8"?>
<extension type="module" client="site" method="upgrade">
	<name>mod_custom_bscompos</name>
	<creationDate>March 2021</creationDate>
	<author>Clifford E Ford</author>
	<authorEmail>cliff@ford.myzen.co.uk</authorEmail>
	<authorUrl>http://www.fford.me.uk/</authorUrl>
	<copyright>Copyright (C) 2019 Clifford E Ford, All rights reserved.</copyright>
	<license>GNU/GPLv3 http://www.gnu.org/licenses/gpl-3.0.html</license>
	<version>0.1.0</version>
	<description>MOD_CUSTOM_BSCOMPOS_XML_DESCRIPTION</description>

	<customContent />

	<files>
		<filename module="mod_custom_bscompos">mod_custom_bscompos.php</filename>
		<folder>tmpl</folder>
	</files>
	<languages>
		<language tag="en-GB">language/en-GB/mod_custom_bscompos.ini</language>
		<language tag="en-GB">language/en-GB/mod_custom_bscompos.sys.ini</language>
	</languages>

	<help key="JHELP_EXTENSIONS_MODULE_MANAGER_CUSTOM_BSCOMPOS_HTML" />
	<config>
		<fields name="params">
			<fieldset name="options" label="COM_MODULES_BASIC_FIELDSET_LABEL">
				<field
					name="prepare_content"
					type="radio"
					layout="joomla.form.field.radio.switcher"
					label="MOD_CUSTOM_BSCOMPOS_FIELD_PREPARE_CONTENT_LABEL"
					description="MOD_CUSTOM_BSCOMPOS_FIELD_PREPARE_CONTENT_DESC"
					default="0"
					filter="integer"
					>
					<option value="0">JNO</option>
					<option value="1">JYES</option>
				</field>

				<field
					name="backgroundimage"
					type="media"
					label="MOD_CUSTOM_BSCOMPOS_FIELD_BACKGROUNDIMAGE_LABEL"
				/>

				<field
					name="bscompos"
					type="checkboxes"
					label="MOD_CUSTOM_BSCOMPOS_LABEL"
					description="MOD_CUSTOM_BSCOMPOS_DESC"
				>
					<option value="alert">MOD_CUSTOM_BSCOMPOS_OPTION_ALERT</option>
					<option value="button">MOD_CUSTOM_BSCOMPOS_OPTION_BUTTON</option>
					<option value="carousel">MOD_CUSTOM_BSCOMPOS_OPTION_CAROUSEL</option>
					<option value="collapse">MOD_CUSTOM_BSCOMPOS_OPTION_COLLAPSE</option>
					<option value="dropdown">MOD_CUSTOM_BSCOMPOS_OPTION_DROPDOWN</option>
					<option value="modal">MOD_CUSTOM_BSCOMPOS_OPTION_MODAL</option>
					<option value="offcanvas">MOD_CUSTOM_BSCOMPOS_OPTION_OFFCANVAS</option>
					<option value="popover">MOD_CUSTOM_BSCOMPOS_OPTION_POPOVER</option>
					<option value="scrollspy">MOD_CUSTOM_BSCOMPOS_OPTION_SCROLLSPY</option>
					<option value="tab">MOD_CUSTOM_BSCOMPOS_OPTION_TAB</option>
					<option value="tooltip">MOD_CUSTOM_BSCOMPOS_OPTION_TOOLTIP</option>
					<option value="toast">MOD_CUSTOM_BSCOMPOS_OPTION_TOAST</option>
				</field>
			</fieldset>
			<fieldset name="advanced">
				<field
					name="layout"
					type="modulelayout"
					label="JFIELD_ALT_LAYOUT_LABEL"
					class="form-select"
				/>

				<field
					name="moduleclass_sfx"
					type="textarea"
					label="COM_MODULES_FIELD_MODULECLASS_SFX_LABEL"
					rows="3"
					validate="CssIdentifier"
				/>

				<field
					name="cache"
					type="list"
					label="COM_MODULES_FIELD_CACHING_LABEL"
					default="1"
					filter="integer"
					validate="options"
					>
					<option value="1">JGLOBAL_USE_GLOBAL</option>
					<option value="0">COM_MODULES_FIELD_VALUE_NOCACHING</option>
				</field>

				<field
					name="cache_time"
					type="number"
					label="COM_MODULES_FIELD_CACHE_TIME_LABEL"
					default="900"
					filter="integer"
				/>

				<field
					name="cachemode"
					type="hidden"
					default="static"
					>
					<option value="static"></option>
				</field>
			</fieldset>
		</fields>
	</config>
</extension>
